challenge_%,funded_%,day_stop_%,pass_%,EV_net,P(net>0)_%,days_to_pass,days_to_first_payout,EV_2021,EV_2022,EV_2023,EV_2024,EV_2025,worst_year_EV
0.75,1.0,1.2,79.1,1632.0,74.2,91,114,2507.9,3146.0,989.4,1992.7,299.4,299.4
1.0,1.0,2,74.4,1572.5,68.8,60,79,2385.5,3170.0,1201.1,1616.3,290.0,290.0
0.5,1.0,2,72.0,1557.4,67.2,131,153,2348.9,3106.8,1318.1,1702.3,293.1,293.1
1.0,1.0,1.2,74.5,1539.0,69.3,60,81,2277.6,2930.1,969.0,1997.8,321.8,321.8
0.75,1.0,2,72.5,1531.1,67.2,86,110,2415.7,3180.2,1403.9,1525.1,239.7,239.7
0.75,1.0,3 (FTMO),76.8,1482.5,69.7,84,105,2156.7,2663.3,1802.3,1476.3,335.9,335.9
0.75,0.75,3 (FTMO),76.9,1405.0,73.3,85,107,1686.6,2151.7,1663.7,1541.4,455.2,455.2
0.5,1.0,3 (FTMO),72.0,1400.9,65.6,132,154,2235.9,2598.5,1567.1,1439.7,239.6,239.6
0.5,1.0,1.2,66.7,1386.7,61.5,136,156,2301.2,2892.8,950.1,1730.8,131.6,131.6
0.75,0.75,1.2,79.2,1375.2,76.8,91,115,2162.0,2649.4,873.2,1505.4,268.5,268.5
0.5,0.75,3 (FTMO),72.0,1330.8,69.0,132,157,1737.8,2153.0,1464.7,1483.9,331.2,331.2
1.5,1.0,2,62.0,1297.5,57.3,33,52,1904.8,2657.5,990.1,1358.4,243.4,243.4
1.0,0.75,1.2,74.6,1287.5,71.9,61,83,1948.8,2449.5,857.0,1493.6,279.9,279.9
1.0,1.0,3 (FTMO),67.8,1281.2,62.3,54,73,2142.6,2428.7,1509.4,1220.4,214.1,214.1
1.0,0.75,2,74.3,1246.8,70.3,60,81,1915.5,2230.3,1216.3,1241.8,213.9,213.9
0.5,0.75,2,72.0,1218.0,68.2,132,157,1882.0,2186.6,1318.2,1320.3,217.2,217.2
1.0,0.75,3 (FTMO),67.8,1216.2,65.1,54,73,1655.2,1967.2,1445.1,1279.0,299.0,299.0
0.75,0.75,2,72.5,1214.5,68.8,86,112,1950.0,2232.1,1397.0,1208.1,169.9,169.9
1.5,1.0,3 (FTMO),62.7,1195.8,57.6,33,51,1881.1,2183.0,1138.2,1076.6,186.1,186.1
0.5,0.75,1.2,66.8,1171.4,64.2,136,158,1991.0,2449.1,861.0,1294.9,114.1,114.1
1.5,0.75,3 (FTMO),62.6,1120.0,60.0,33,52,1435.6,1807.4,1058.2,1098.6,253.0,253.0
1.5,0.75,2,62.0,1014.9,58.5,33,52,1528.6,1868.7,988.0,1052.2,174.9,174.9
0.75,0.5,3 (FTMO),76.9,993.0,75.5,85,109,1223.0,1527.7,1131.2,1094.4,322.2,322.2
1.0,0.5,2,74.3,967.6,73.0,60,82,1271.4,1542.5,911.5,997.6,231.5,231.5
2.0,1.0,2,49.5,964.1,46.1,23,41,1573.8,2179.3,624.3,1082.2,197.0,197.0
0.75,0.5,2,72.5,939.6,71.0,86,114,1313.2,1550.2,1053.7,972.4,186.7,186.7
0.5,0.5,2,72.0,938.0,70.9,132,159,1246.9,1516.4,1003.0,1062.1,226.4,226.4
0.5,0.5,3 (FTMO),72.0,937.1,71.0,132,159,1248.1,1516.4,1003.0,1062.1,226.4,226.4
0.75,0.5,1.2,79.2,923.9,77.6,91,117,1490.4,1625.3,747.5,976.6,148.8,148.8
2.0,1.0,3 (FTMO),50.1,912.2,45.6,22,40,1525.8,1942.2,903.2,863.1,155.0,155.0
2.0,0.75,3 (FTMO),50.3,862.6,48.4,22,41,1178.1,1598.3,815.4,920.6,236.9,236.9
1.0,0.5,1.2,74.5,859.6,72.8,61,85,1323.2,1499.8,721.0,968.4,157.2,157.2
1.0,0.5,3 (FTMO),67.8,856.1,66.7,54,75,1194.5,1386.7,986.0,914.4,201.9,201.9
1.5,0.5,3 (FTMO),62.6,788.2,62.0,33,54,1031.9,1283.0,710.5,777.7,172.8,172.8
1.5,0.5,2,62.0,782.6,60.9,33,53,1018.6,1292.6,734.0,848.9,182.9,182.9
0.5,0.5,1.2,66.8,776.3,65.4,136,162,1356.4,1503.5,729.2,838.5,46.1,46.1
2.0,0.75,2,49.5,769.3,47.2,23,42,1235.5,1512.6,650.2,853.6,142.7,142.7
2.0,0.5,3 (FTMO),50.3,610.4,49.8,22,42,842.2,1119.5,540.0,648.0,149.6,149.6
2.0,0.5,2,49.5,595.5,48.8,23,43,809.3,1043.6,487.3,697.6,157.9,157.9
0.75,0.25,1.2,79.2,503.8,78.2,91,116,706.9,816.5,417.4,543.3,92.0,92.0
0.75,0.25,3 (FTMO),76.9,490.7,75.9,85,110,608.4,760.7,560.6,540.4,137.7,137.7
1.0,0.25,2,74.3,475.9,73.5,60,83,629.3,768.0,442.5,489.9,89.9,89.9
1.0,0.25,1.2,74.5,465.8,73.6,61,84,622.1,747.9,399.4,535.8,97.5,97.5
0.75,0.25,2,72.5,461.1,71.5,86,114,650.0,772.9,519.6,476.7,62.7,62.7
0.5,0.25,3 (FTMO),72.0,460.2,71.4,132,159,620.0,754.7,489.0,523.7,85.3,85.3
0.5,0.25,2,72.0,460.1,71.2,132,159,616.5,754.7,489.0,523.7,85.3,85.3
0.5,0.25,1.2,66.8,418.0,66.0,136,162,639.3,752.5,409.7,459.7,12.9,12.9
1.0,0.25,3 (FTMO),67.8,417.8,67.0,54,75,592.7,687.2,481.7,445.2,70.7,70.7
1.5,0.25,3 (FTMO),62.6,379.5,62.0,33,54,507.8,633.9,335.6,373.5,56.4,56.4
1.5,0.25,2,62.0,376.8,61.3,33,54,499.7,637.0,348.1,411.1,61.4,61.4
2.0,0.25,3 (FTMO),50.3,285.8,50.1,22,42,407.5,547.0,244.7,304.0,43.9,43.9
2.0,0.25,2,49.5,278.8,49.1,23,43,386.3,507.4,216.5,329.5,48.1,48.1
1.5,0.25,1.2,0.0,-89.0,0.0,,,-89.0,-89.0,-89.0,-89.0,-89.0,-89.0
1.5,0.5,1.2,0.0,-89.0,0.0,,,-89.0,-89.0,-89.0,-89.0,-89.0,-89.0
1.5,0.75,1.2,0.0,-89.0,0.0,,,-89.0,-89.0,-89.0,-89.0,-89.0,-89.0
1.5,1.0,1.2,0.0,-89.0,0.0,,,-89.0,-89.0,-89.0,-89.0,-89.0,-89.0
2.0,0.25,1.2,0.0,-89.0,0.0,,,-89.0,-89.0,-89.0,-89.0,-89.0,-89.0
2.0,0.5,1.2,0.0,-89.0,0.0,,,-89.0,-89.0,-89.0,-89.0,-89.0,-89.0
2.0,0.75,1.2,0.0,-89.0,0.0,,,-89.0,-89.0,-89.0,-89.0,-89.0,-89.0
2.0,1.0,1.2,0.0,-89.0,0.0,,,-89.0,-89.0,-89.0,-89.0,-89.0,-89.0
